davidson_step,pair_index,residual,selected_by_residual,selected_forced,skipped_converged,skipped_active_tol,skipped_linear_dependent,skipped_locked_old_logic_should_not_happen,correction_norm_before_ortho,correction_norm_after_ortho
1,29,0.00086444907626083466,1,0,0,0,0,0,0.045674571962634615,0.045190055219732669
1,28,2.7115089743345581e-11,1,0,0,0,0,0,1.4740293676400117e-09,1.4529874984433797e-09
2,29,0.00010419985136385628,1,0,0,0,0,0,0.0071190875931319703,0.0063787622827954256
2,28,3.9865070487080009e-12,1,0,0,0,0,0,2.6004718821992732e-10,1.7773112857774569e-10
3,29,4.4095051484576114e-05,1,0,0,0,0,0,0.0046964657799518326,0.0027998869770870876
3,28,1.7875185803086362e-12,1,0,0,0,0,0,2.5289213725959055e-10,1.4487108678332945e-10
4,29,1.3754820821981572e-05,1,0,0,0,0,0,0.00055407938263711738,0.00047341165301456004
4,28,2.3031975478344136e-12,1,0,0,0,0,0,1.0892568799403181e-10,7.1257426046651573e-11
5,29,9.5307653431838566e-06,1,0,0,0,0,0,0.00035768532387004287,0.00032516281388553112
5,28,1.7624913127512675e-12,1,0,0,0,0,0,1.0441153002582765e-10,6.8147606964439906e-11
6,29,6.6514983863258608e-06,1,0,0,0,0,0,0.00027594475123826314,0.0002443110538676633
6,28,1.7295770673999268e-12,1,0,0,0,0,0,1.0527906251187837e-10,7.7641908001836644e-11
7,29,5.494714993433828e-06,1,0,0,0,0,0,0.00027458828895916159,0.00021583284178016478
7,28,1.2688404591977011e-12,1,0,0,0,0,0,9.8710000919931186e-11,5.4880211603139326e-11
8,29,5.5863227257948629e-06,1,0,0,0,0,0,0.00026284678212743059,0.00019510813487891963
8,28,1.0319479521622169e-12,1,0,0,0,0,0,5.6056330748034556e-11,3.5349094027330345e-11
9,29,4.0198473889917854e-06,1,0,0,0,0,0,0.00026404642430169592,0.00018133476736846072
9,28,8.7299746846603519e-13,1,0,0,0,0,0,4.5647904453380366e-11,2.7798441933050698e-11
10,29,2.6791838955542698e-06,1,0,0,0,0,0,0.00014339413026637777,0.0001046280652149718
10,28,5.690190833586603e-13,1,0,0,0,0,0,2.3328386078703056e-11,1.8509614384323072e-11
11,29,1.8477989225563033e-06,1,0,0,0,0,0,7.6105670673855486e-05,5.9385512841490047e-05
11,28,3.1248534666067399e-13,1,0,0,0,0,0,1.1545647896787776e-11,9.3760707661954477e-12
12,29,1.4005125367534349e-06,1,0,0,0,0,0,8.0820315251302143e-05,5.1903578145980174e-05
12,28,1.4994102019214954e-13,1,0,0,0,0,0,7.5384884638287138e-12,6.1933820030207505e-12
13,29,1.1560906202182085e-06,1,0,0,0,0,0,6.4041479345093965e-05,4.5990106367316205e-05
13,28,8.5852212867192585e-14,0,0,1,0,0,0,0,0
13,26,1.7678955878104596e-14,0,0,1,0,0,0,0,0
13,24,1.7609462173750848e-14,0,0,1,0,0,0,0,0
13,27,1.5569096846096581e-14,0,0,1,0,0,0,0,0
13,1,1.4275891474946912e-14,0,0,1,0,0,0,0,0
13,25,1.3544790302668924e-14,0,0,1,0,0,0,0,0
13,13,8.1585836542046849e-15,0,0,1,0,0,0,0,0
13,21,7.7285570662721132e-15,0,0,1,0,0,0,0,0
13,5,6.7824992774207595e-15,0,0,1,0,0,0,0,0
13,11,6.6864462065542243e-15,0,0,1,0,0,0,0,0
13,9,6.6129062634677847e-15,0,0,1,0,0,0,0,0
13,12,6.1184729273651388e-15,0,0,1,0,0,0,0,0
13,16,5.9395227903643814e-15,0,0,1,0,0,0,0,0
13,22,5.8478297918712343e-15,0,0,1,0,0,0,0,0
13,23,5.6620831973969264e-15,0,0,1,0,0,0,0,0
13,14,5.4777742690010472e-15,0,0,1,0,0,0,0,0
13,8,5.4030291053025368e-15,0,0,1,0,0,0,0,0
13,18,5.2271409356622501e-15,0,0,1,0,0,0,0,0
13,4,5.2238373194160778e-15,0,0,1,0,0,0,0,0
13,7,5.1645636161657366e-15,0,0,1,0,0,0,0,0
13,15,5.0120282693442947e-15,0,0,1,0,0,0,0,0
13,17,4.8984408461744062e-15,0,0,1,0,0,0,0,0
13,3,4.8602882348160174e-15,0,0,1,0,0,0,0,0
13,6,4.6594260510932074e-15,0,0,1,0,0,0,0,0
13,20,4.6468938858349337e-15,0,0,1,0,0,0,0,0
13,2,4.4628784955737298e-15,0,0,1,0,0,0,0,0
13,10,4.3112794923002918e-15,0,0,1,0,0,0,0,0
13,19,3.8009410316504536e-15,0,0,1,0,0,0,0,0
13,0,1.1559121415476054e-15,0,0,1,0,0,0,0,0
14,29,7.1710863389575562e-07,1,0,0,0,0,0,3.6459811015896677e-05,2.6610338850340234e-05
14,28,7.7498034087606044e-14,0,0,1,0,0,0,0,0
14,26,1.7904743480399415e-14,0,0,1,0,0,0,0,0
14,24,1.7589304488166745e-14,0,0,1,0,0,0,0,0
14,27,1.5405907741450664e-14,0,0,1,0,0,0,0,0
14,1,1.4253317315763339e-14,0,0,1,0,0,0,0,0
14,25,1.3335022217660877e-14,0,0,1,0,0,0,0,0
14,14,7.6533675903179366e-15,0,0,1,0,0,0,0,0
14,23,7.2632925405177445e-15,0,0,1,0,0,0,0,0
14,21,7.1670858461336951e-15,0,0,1,0,0,0,0,0
14,6,7.0005345528711217e-15,0,0,1,0,0,0,0,0
14,11,6.7500856090043179e-15,0,0,1,0,0,0,0,0
14,12,6.7424619129558168e-15,0,0,1,0,0,0,0,0
14,9,6.4299688333018507e-15,0,0,1,0,0,0,0,0
14,13,5.6517308938196928e-15,0,0,1,0,0,0,0,0
14,22,5.6030581063935294e-15,0,0,1,0,0,0,0,0
14,15,5.4490710825780951e-15,0,0,1,0,0,0,0,0
14,8,5.3459612436904613e-15,0,0,1,0,0,0,0,0
14,20,5.2493411571581128e-15,0,0,1,0,0,0,0,0
14,16,5.1912525001857007e-15,0,0,1,0,0,0,0,0
14,7,5.1825658319076393e-15,0,0,1,0,0,0,0,0
14,4,5.155541266575722e-15,0,0,1,0,0,0,0,0
14,3,5.1292724269161709e-15,0,0,1,0,0,0,0,0
14,2,4.8621779379439674e-15,0,0,1,0,0,0,0,0
14,5,4.523430321234218e-15,0,0,1,0,0,0,0,0
14,10,4.4979188044761046e-15,0,0,1,0,0,0,0,0
14,17,4.4543234705216914e-15,0,0,1,0,0,0,0,0
14,18,4.2886742342047434e-15,0,0,1,0,0,0,0,0
14,19,4.0050811572037293e-15,0,0,1,0,0,0,0,0
14,0,1.1559121415476054e-15,0,0,1,0,0,0,0,0
15,29,4.110143269209552e-07,1,0,0,0,0,0,2.5613562346882249e-05,1.9784102153115525e-05
15,28,7.3652886987539353e-14,0,0,1,0,0,0,0,0
15,26,1.7808330444645115e-14,0,0,1,0,0,0,0,0
15,24,1.76228889827662e-14,0,0,1,0,0,0,0,0
15,27,1.5501750856675233e-14,0,0,1,0,0,0,0,0
15,1,1.4237915640153589e-14,0,0,1,0,0,0,0,0
15,25,1.3132161267655825e-14,0,0,1,0,0,0,0,0
15,13,7.7329003636390286e-15,0,0,1,0,0,0,0,0
15,21,7.2694754113637764e-15,0,0,1,0,0,0,0,0
15,6,6.8697421032517232e-15,0,0,1,0,0,0,0,0
15,10,6.6403764751374573e-15,0,0,1,0,0,0,0,0
15,12,6.5205773774974867e-15,0,0,1,0,0,0,0,0
15,9,6.4456224660031372e-15,0,0,1,0,0,0,0,0
15,22,6.2148704867728212e-15,0,0,1,0,0,0,0,0
15,14,5.8415033257354268e-15,0,0,1,0,0,0,0,0
15,16,5.7730845896252843e-15,0,0,1,0,0,0,0,0
15,4,5.4947898164967322e-15,0,0,1,0,0,0,0,0
15,23,5.4680122130687161e-15,0,0,1,0,0,0,0,0
15,7,5.1047725263622987e-15,0,0,1,0,0,0,0,0
15,20,4.9055493126705706e-15,0,0,1,0,0,0,0,0
15,8,4.9017393549705936e-15,0,0,1,0,0,0,0,0
15,15,4.746417721415573e-15,0,0,1,0,0,0,0,0
15,5,4.7026141533119561e-15,0,0,1,0,0,0,0,0
15,3,4.5671206666595983e-15,0,0,1,0,0,0,0,0
15,2,4.5640324958205767e-15,0,0,1,0,0,0,0,0
15,17,4.5227426897181717e-15,0,0,1,0,0,0,0,0
15,11,4.3717888947090415e-15,0,0,1,0,0,0,0,0
15,18,4.3022904121819576e-15,0,0,1,0,0,0,0,0
15,19,4.0063216523020276e-15,0,0,1,0,0,0,0,0
15,0,1.3074859917979568e-15,0,0,1,0,0,0,0,0
16,29,2.8635373427905454e-07,1,0,0,0,0,0,2.5684338983525264e-05,1.7492846045297454e-05
16,28,7.3785806687826281e-14,0,0,1,0,0,0,0,0
16,27,1.8321208547350033e-14,0,0,1,0,0,0,0,0
16,24,1.7612746169356122e-14,0,0,1,0,0,0,0,0
16,26,1.5549354378174639e-14,0,0,1,0,0,0,0,0
16,1,1.4484550225774458e-14,0,0,1,0,0,0,0,0
16,25,1.2313801883338378e-14,0,0,1,0,0,0,0,0
16,13,7.7790203704049009e-15,0,0,1,0,0,0,0,0
16,21,6.9191068262559813e-15,0,0,1,0,0,0,0,0
16,23,6.7756215859679362e-15,0,0,1,0,0,0,0,0
16,6,6.7616929086155293e-15,0,0,1,0,0,0,0,0
16,8,6.6894978164056751e-15,0,0,1,0,0,0,0,0
16,12,6.5020126703873603e-15,0,0,1,0,0,0,0,0
16,10,6.3256075376306779e-15,0,0,1,0,0,0,0,0
16,17,5.874686834102538e-15,0,0,1,0,0,0,0,0
16,14,5.7847805906142923e-15,0,0,1,0,0,0,0,0
16,22,5.5295630062830485e-15,0,0,1,0,0,0,0,0
16,7,5.3179203191037682e-15,0,0,1,0,0,0,0,0
16,4,5.1114082156658549e-15,0,0,1,0,0,0,0,0
16,3,5.0880513574854468e-15,0,0,1,0,0,0,0,0
16,20,4.9686149284141624e-15,0,0,1,0,0,0,0,0
16,9,4.9380678185655509e-15,0,0,1,0,0,0,0,0
16,5,4.8071419413521035e-15,0,0,1,0,0,0,0,0
16,15,4.7825288783061802e-15,0,0,1,0,0,0,0,0
16,16,4.7148155954949246e-15,0,0,1,0,0,0,0,0
16,2,4.6428743369548128e-15,0,0,1,0,0,0,0,0
16,11,4.6001920966204677e-15,0,0,1,0,0,0,0,0
16,18,4.2377795938234117e-15,0,0,1,0,0,0,0,0
16,19,3.8243254793933111e-15,0,0,1,0,0,0,0,0
16,0,1.1559121415476054e-15,0,0,1,0,0,0,0,0
17,29,2.6249155449917604e-07,1,0,0,0,0,0,1.7347590512356517e-05,1.2944206754704637e-05
17,28,7.3822850334540056e-14,0,0,1,0,0,0,0,0
17,26,1.8412394481256096e-14,0,0,1,0,0,0,0,0
17,24,1.7610309260857348e-14,0,0,1,0,0,0,0,0
17,27,1.5143161635440404e-14,0,0,1,0,0,0,0,0
17,1,1.4230534401294664e-14,0,0,1,0,0,0,0,0
17,25,1.3206686551534106e-14,0,0,1,0,0,0,0,0
17,13,7.9355063049811613e-15,0,0,1,0,0,0,0,0
17,21,6.9682806251790529e-15,0,0,1,0,0,0,0,0
17,5,6.8549277476102113e-15,0,0,1,0,0,0,0,0
17,9,6.8231608107312394e-15,0,0,1,0,0,0,0,0
17,10,6.5098004299006502e-15,0,0,1,0,0,0,0,0
17,23,6.4032108548453312e-15,0,0,1,0,0,0,0,0
17,11,6.3124643566835531e-15,0,0,1,0,0,0,0,0
17,16,5.6937863569587925e-15,0,0,1,0,0,0,0,0
17,3,5.5553636837135238e-15,0,0,1,0,0,0,0,0
17,14,5.4646767664489869e-15,0,0,1,0,0,0,0,0
17,22,5.3545132551968631e-15,0,0,1,0,0,0,0,0
17,8,5.3298462938297535e-15,0,0,1,0,0,0,0,0
17,7,5.2637190517678511e-15,0,0,1,0,0,0,0,0
17,15,5.1794185310025368e-15,0,0,1,0,0,0,0,0
17,20,5.0252842292900515e-15,0,0,1,0,0,0,0,0
17,4,4.7793853036911044e-15,0,0,1,0,0,0,0,0
17,6,4.7699755733982269e-15,0,0,1,0,0,0,0,0
17,17,4.6557850510154959e-15,0,0,1,0,0,0,0,0
17,2,4.5320092642087609e-15,0,0,1,0,0,0,0,0
17,12,4.4549783213135559e-15,0,0,1,0,0,0,0,0
17,19,4.0519721318116623e-15,0,0,1,0,0,0,0,0
17,18,3.672655408887098e-15,0,0,1,0,0,0,0,0
17,0,1.1559121415476054e-15,0,0,1,0,0,0,0,0
18,29,2.3154707658726079e-07,1,0,0,0,0,0,1.4221366987350524e-05,1.0849936810398545e-05
18,28,7.415776919164939e-14,0,0,1,0,0,0,0,0
18,26,1.8600408563126969e-14,0,0,1,0,0,0,0,0
18,24,1.7648120865034618e-14,0,0,1,0,0,0,0,0
18,27,1.5775462092263035e-14,0,0,1,0,0,0,0,0
18,1,1.4362377307593849e-14,0,0,1,0,0,0,0,0
18,25,1.1965885881019361e-14,0,0,1,0,0,0,0,0
18,13,7.7375005828171666e-15,0,0,1,0,0,0,0,0
18,9,7.5798769953990896e-15,0,0,1,0,0,0,0,0
18,23,7.4257818617418177e-15,0,0,1,0,0,0,0,0
18,6,6.8842718139288466e-15,0,0,1,0,0,0,0,0
18,10,6.6249521768491516e-15,0,0,1,0,0,0,0,0
18,21,6.4946212377361242e-15,0,0,1,0,0,0,0,0
18,11,6.2390743122885579e-15,0,0,1,0,0,0,0,0
18,22,5.8176290846971492e-15,0,0,1,0,0,0,0,0
18,4,5.5975556782549594e-15,0,0,1,0,0,0,0,0
18,20,5.5347522162095595e-15,0,0,1,0,0,0,0,0
18,7,5.5018487174995802e-15,0,0,1,0,0,0,0,0
18,14,5.3942951031628142e-15,0,0,1,0,0,0,0,0
18,17,5.2814740695221438e-15,0,0,1,0,0,0,0,0
18,16,5.141960004335961e-15,0,0,1,0,0,0,0,0
18,5,5.0872647736042649e-15,0,0,1,0,0,0,0,0
18,3,4.8825131907465874e-15,0,0,1,0,0,0,0,0
18,15,4.6835185086245763e-15,0,0,1,0,0,0,0,0
18,2,4.6338004747243897e-15,0,0,1,0,0,0,0,0
18,19,4.32369511379155e-15,0,0,1,0,0,0,0,0
18,8,4.3081798427073302e-15,0,0,1,0,0,0,0,0
18,12,4.2569401765070849e-15,0,0,1,0,0,0,0,0
18,18,4.0517414863473093e-15,0,0,1,0,0,0,0,0
18,0,1.1559121415476054e-15,0,0,1,0,0,0,0,0
19,29,2.2143159257907865e-07,1,0,0,0,0,0,1.5004613676878566e-05,1.0267533416162945e-05
19,28,7.3975522461392124e-14,0,0,1,0,0,0,0,0
19,26,1.8422166668734271e-14,0,0,1,0,0,0,0,0
19,24,1.7541685464483891e-14,0,0,1,0,0,0,0,0
19,27,1.6169622976426385e-14,0,0,1,0,0,0,0,0
19,1,1.4207446034045458e-14,0,0,1,0,0,0,0,0
19,25,1.1940452276813125e-14,0,0,1,0,0,0,0,0
19,21,8.028925198660908e-15,0,0,1,0,0,0,0,0
19,13,7.8630408284086663e-15,0,0,1,0,0,0,0,0
19,6,6.8256297927493803e-15,0,0,1,0,0,0,0,0
19,9,6.7701482629221839e-15,0,0,1,0,0,0,0,0
19,11,6.7520239914629359e-15,0,0,1,0,0,0,0,0
19,23,6.6943121870659692e-15,0,0,1,0,0,0,0,0
19,12,6.3678564917443442e-15,0,0,1,0,0,0,0,0
19,16,5.8351722505542388e-15,0,0,1,0,0,0,0,0
19,3,5.6778112251554407e-15,0,0,1,0,0,0,0,0
19,7,5.5475376686777278e-15,0,0,1,0,0,0,0,0
19,14,5.5444595645121182e-15,0,0,1,0,0,0,0,0
19,8,5.4882904464426355e-15,0,0,1,0,0,0,0,0
19,20,5.4708038607482533e-15,0,0,1,0,0,0,0,0
19,22,5.3985161667518888e-15,0,0,1,0,0,0,0,0
19,18,5.1215911227980875e-15,0,0,1,0,0,0,0,0
19,5,4.6353855012639758e-15,0,0,1,0,0,0,0,0
19,4,4.616522220226799e-15,0,0,1,0,0,0,0,0
19,15,4.4818058273138388e-15,0,0,1,0,0,0,0,0
19,17,4.4473317943760009e-15,0,0,1,0,0,0,0,0
19,2,4.443939759745864e-15,0,0,1,0,0,0,0,0
19,19,4.3828234131565684e-15,0,0,1,0,0,0,0,0
19,10,4.1506198097608777e-15,0,0,1,0,0,0,0,0
19,0,1.1559121415476054e-15,0,0,1,0,0,0,0,0
20,29,1.5014853382980261e-07,1,0,0,0,0,0,8.8983603563331863e-06,5.985214657098532e-06
20,28,7.0926358906264757e-14,0,0,1,0,0,0,0,0
20,27,1.8108815466032255e-14,0,0,1,0,0,0,0,0
20,24,1.7627614116969108e-14,0,0,1,0,0,0,0,0
20,26,1.5747621896981315e-14,0,0,1,0,0,0,0,0
20,1,1.4238651203028564e-14,0,0,1,0,0,0,0,0
20,25,1.2408775666784223e-14,0,0,1,0,0,0,0,0
20,21,7.7369740673379077e-15,0,0,1,0,0,0,0,0
20,13,7.5902834640690299e-15,0,0,1,0,0,0,0,0
20,23,6.8036394989789595e-15,0,0,1,0,0,0,0,0
20,5,6.7427684443385275e-15,0,0,1,0,0,0,0,0
20,10,6.6539785323543526e-15,0,0,1,0,0,0,0,0
20,8,6.4339794507107437e-15,0,0,1,0,0,0,0,0
20,11,6.2882451962334373e-15,0,0,1,0,0,0,0,0
20,16,5.8989705819784533e-15,0,0,1,0,0,0,0,0
20,14,5.7782088001128228e-15,0,0,1,0,0,0,0,0
20,22,5.7606908731644129e-15,0,0,1,0,0,0,0,0
20,9,5.5967151220908009e-15,0,0,1,0,0,0,0,0
20,3,5.2217618214783982e-15,0,0,1,0,0,0,0,0
20,4,5.1057178448190551e-15,0,0,1,0,0,0,0,0
20,7,5.0787461723437482e-15,0,0,1,0,0,0,0,0
20,20,5.0748745227465127e-15,0,0,1,0,0,0,0,0
20,15,4.8594970898298718e-15,0,0,1,0,0,0,0,0
20,2,4.6614095174532117e-15,0,0,1,0,0,0,0,0
20,6,4.6270792059419366e-15,0,0,1,0,0,0,0,0
20,17,4.4891015589085605e-15,0,0,1,0,0,0,0,0
20,12,4.2255045290997745e-15,0,0,1,0,0,0,0,0
20,18,3.9142564585709868e-15,0,0,1,0,0,0,0,0
20,19,3.7696839070832383e-15,0,0,1,0,0,0,0,0
20,0,1.1559121415476054e-15,0,0,1,0,0,0,0,0
21,29,8.3176602307030282e-08,1,0,0,0,0,0,5.7333292006254193e-06,4.0941573375580823e-06
21,28,7.0622213992640002e-14,0,0,1,0,0,0,0,0
21,27,1.7898899311951751e-14,0,0,1,0,0,0,0,0
21,24,1.7448935870594982e-14,0,0,1,0,0,0,0,0
21,26,1.7041241573536903e-14,0,0,1,0,0,0,0,0
21,1,1.4178501341112413e-14,0,0,1,0,0,0,0,0
21,25,1.1931430232627545e-14,0,0,1,0,0,0,0,0
21,13,7.5661623587266091e-15,0,0,1,0,0,0,0,0
21,21,7.0355343135030798e-15,0,0,1,0,0,0,0,0
21,6,6.9254862398836583e-15,0,0,1,0,0,0,0,0
21,23,6.6827534788519085e-15,0,0,1,0,0,0,0,0
21,11,6.5606901407305551e-15,0,0,1,0,0,0,0,0
21,9,6.4937235269344821e-15,0,0,1,0,0,0,0,0
21,12,5.9960508960705749e-15,0,0,1,0,0,0,0,0
21,14,5.7814124953303802e-15,0,0,1,0,0,0,0,0
21,15,5.6088883318532053e-15,0,0,1,0,0,0,0,0
21,22,5.5530362892946052e-15,0,0,1,0,0,0,0,0
21,8,5.3152352540593071e-15,0,0,1,0,0,0,0,0
21,7,5.2758472913237453e-15,0,0,1,0,0,0,0,0
21,17,5.207672792979474e-15,0,0,1,0,0,0,0,0
21,3,5.1731363114436409e-15,0,0,1,0,0,0,0,0
21,4,5.0974335223256572e-15,0,0,1,0,0,0,0,0
21,20,4.9671869531278642e-15,0,0,1,0,0,0,0,0
21,10,4.8847498872970947e-15,0,0,1,0,0,0,0,0
21,2,4.7775436296722796e-15,0,0,1,0,0,0,0,0
21,5,4.5758895047436963e-15,0,0,1,0,0,0,0,0
21,16,4.4406664257965155e-15,0,0,1,0,0,0,0,0
21,18,3.8504546310079371e-15,0,0,1,0,0,0,0,0
21,19,3.7422512808721924e-15,0,0,1,0,0,0,0,0
21,0,1.1559121415476054e-15,0,0,1,0,0,0,0,0
22,29,5.5950241563373269e-08,1,0,0,0,0,0,4.6860515712625308e-06,2.9148224704015123e-06
22,28,7.1962544372368032e-14,0,0,1,0,0,0,0,0
22,27,1.7639267251221982e-14,0,0,1,0,0,0,0,0
22,24,1.7552894733189512e-14,0,0,1,0,0,0,0,0
22,26,1.5052587688878842e-14,0,0,1,0,0,0,0,0
22,1,1.406962420366409e-14,0,0,1,0,0,0,0,0
22,25,1.4059048977845231e-14,0,0,1,0,0,0,0,0
22,21,7.6025870604308775e-15,0,0,1,0,0,0,0,0
22,14,7.3106435047418967e-15,0,0,1,0,0,0,0,0
22,9,6.9411172430091762e-15,0,0,1,0,0,0,0,0
22,5,6.6900635578746618e-15,0,0,1,0,0,0,0,0
22,11,6.5844056212554027e-15,0,0,1,0,0,0,0,0
22,20,6.283789843477143e-15,0,0,1,0,0,0,0,0
22,12,6.1696254425682038e-15,0,0,1,0,0,0,0,0
22,22,6.0523634251204162e-15,0,0,1,0,0,0,0,0
22,16,5.8258017037654609e-15,0,0,1,0,0,0,0,0
22,13,5.814048725067596e-15,0,0,1,0,0,0,0,0
22,23,5.7705700564686928e-15,0,0,1,0,0,0,0,0
22,4,5.5036880004670605e-15,0,0,1,0,0,0,0,0
22,8,5.3935508908304773e-15,0,0,1,0,0,0,0,0
22,7,5.3152781994503101e-15,0,0,1,0,0,0,0,0
22,15,4.9069066156210502e-15,0,0,1,0,0,0,0,0
22,3,4.7693632679302121e-15,0,0,1,0,0,0,0,0
22,2,4.5476825646619685e-15,0,0,1,0,0,0,0,0
22,6,4.5087830339401118e-15,0,0,1,0,0,0,0,0
22,17,4.4306737734588324e-15,0,0,1,0,0,0,0,0
22,18,4.1043838841577639e-15,0,0,1,0,0,0,0,0
22,10,4.0401407214277713e-15,0,0,1,0,0,0,0,0
22,19,3.8761013268890897e-15,0,0,1,0,0,0,0,0
22,0,1.1559121415476054e-15,0,0,1,0,0,0,0,0
23,29,4.0060512933592078e-08,1,0,0,0,0,0,2.3745093129108664e-06,1.4760884460090467e-06
23,28,7.263026611393463e-14,0,0,1,0,0,0,0,0
23,27,1.812526619588842e-14,0,0,1,0,0,0,0,0
23,24,1.7606760255784264e-14,0,0,1,0,0,0,0,0
23,26,1.523684998187236e-14,0,0,1,0,0,0,0,0
23,1,1.4094701712860563e-14,0,0,1,0,0,0,0,0
23,25,1.3978975495186901e-14,0,0,1,0,0,0,0,0
23,13,7.6309125490009466e-15,0,0,1,0,0,0,0,0
23,21,7.4389158172583082e-15,0,0,1,0,0,0,0,0
23,6,6.793244278683724e-15,0,0,1,0,0,0,0,0
23,12,6.6404817352383621e-15,0,0,1,0,0,0,0,0
23,23,6.5201800718782172e-15,0,0,1,0,0,0,0,0
23,9,6.5172504017440222e-15,0,0,1,0,0,0,0,0
23,17,6.4579949262276969e-15,0,0,1,0,0,0,0,0
23,11,6.0687895815057357e-15,0,0,1,0,0,0,0,0
23,15,6.0324971203451423e-15,0,0,1,0,0,0,0,0
23,7,5.7537949167484154e-15,0,0,1,0,0,0,0,0
23,14,5.5996344006005202e-15,0,0,1,0,0,0,0,0
23,22,5.5253378703219755e-15,0,0,1,0,0,0,0,0
23,20,5.5160279796449757e-15,0,0,1,0,0,0,0,0
23,4,5.3436787455377352e-15,0,0,1,0,0,0,0,0
23,8,4.9393491853763492e-15,0,0,1,0,0,0,0,0
23,19,4.7996253194414213e-15,0,0,1,0,0,0,0,0
23,2,4.7931890228178382e-15,0,0,1,0,0,0,0,0
23,3,4.7394030260497442e-15,0,0,1,0,0,0,0,0
23,16,4.7080168401242023e-15,0,0,1,0,0,0,0,0
23,5,4.5155839004453348e-15,0,0,1,0,0,0,0,0
23,10,4.193464865567647e-15,0,0,1,0,0,0,0,0
23,18,3.8294939278542904e-15,0,0,1,0,0,0,0,0
23,0,1.3074859917979568e-15,0,0,1,0,0,0,0,0
24,29,2.3668803590943598e-08,1,0,0,0,0,0,1.209788159016015e-06,9.4124991339273952e-07
24,28,6.872345288803581e-14,0,0,1,0,0,0,0,0
24,24,1.7700655669700839e-14,0,0,1,0,0,0,0,0
24,26,1.7447328769662273e-14,0,0,1,0,0,0,0,0
24,27,1.5646958004131482e-14,0,0,1,0,0,0,0,0
24,1,1.4185437394839537e-14,0,0,1,0,0,0,0,0
24,25,1.3792779758709108e-14,0,0,1,0,0,0,0,0
24,13,7.7123069375266204e-15,0,0,1,0,0,0,0,0
24,21,7.4736498999275884e-15,0,0,1,0,0,0,0,0
24,6,6.9204880852801522e-15,0,0,1,0,0,0,0,0
24,9,6.5985762002016541e-15,0,0,1,0,0,0,0,0
24,23,6.4665861464764549e-15,0,0,1,0,0,0,0,0
24,11,6.442113873249999e-15,0,0,1,0,0,0,0,0
24,12,5.99774878632366e-15,0,0,1,0,0,0,0,0
24,14,5.8351307452161137e-15,0,0,1,0,0,0,0,0
24,16,5.6538627547766122e-15,0,0,1,0,0,0,0,0
24,20,5.5317541229769529e-15,0,0,1,0,0,0,0,0
24,22,5.5260045686599551e-15,0,0,1,0,0,0,0,0
24,7,5.504634448724511e-15,0,0,1,0,0,0,0,0
24,15,5.4439112900886635e-15,0,0,1,0,0,0,0,0
24,3,5.3136930166922589e-15,0,0,1,0,0,0,0,0
24,8,5.0274826591538328e-15,0,0,1,0,0,0,0,0
24,4,4.8915458363646193e-15,0,0,1,0,0,0,0,0
24,18,4.8491020354987568e-15,0,0,1,0,0,0,0,0
24,5,4.5577738508784589e-15,0,0,1,0,0,0,0,0
24,17,4.5175989569194217e-15,0,0,1,0,0,0,0,0
24,2,4.4914325049836162e-15,0,0,1,0,0,0,0,0
24,10,4.060058596618499e-15,0,0,1,0,0,0,0,0
24,19,3.7162986840042212e-15,0,0,1,0,0,0,0,0
24,0,1.1559121415476054e-15,0,0,1,0,0,0,0,0
25,29,1.5998170762576139e-08,1,0,0,0,0,0,7.5977939094015819e-07,6.2935206969139207e-07
25,28,6.8554527021159895e-14,0,0,1,0,0,0,0,0
25,26,1.7640363244709839e-14,0,0,1,0,0,0,0,0
25,24,1.7558234268665645e-14,0,0,1,0,0,0,0,0
25,27,1.599340113904319e-14,0,0,1,0,0,0,0,0
25,1,1.4209570442914264e-14,0,0,1,0,0,0,0,0
25,25,1.3013090859862254e-14,0,0,1,0,0,0,0,0
25,13,8.2118265978714637e-15,0,0,1,0,0,0,0,0
25,21,7.8488212766452303e-15,0,0,1,0,0,0,0,0
25,9,7.7540384880687316e-15,0,0,1,0,0,0,0,0
25,6,7.2142120881480328e-15,0,0,1,0,0,0,0,0
25,11,6.5053950891230474e-15,0,0,1,0,0,0,0,0
25,12,6.4487393990212524e-15,0,0,1,0,0,0,0,0
25,23,6.3358227378195624e-15,0,0,1,0,0,0,0,0
25,17,5.7393312117159436e-15,0,0,1,0,0,0,0,0
25,7,5.6843594332512185e-15,0,0,1,0,0,0,0,0
25,4,5.5989259824309904e-15,0,0,1,0,0,0,0,0
25,14,5.3449227476322296e-15,0,0,1,0,0,0,0,0
25,22,5.1643902050614896e-15,0,0,1,0,0,0,0,0
25,16,4.86880985479893e-15,0,0,1,0,0,0,0,0
25,15,4.8558734024855957e-15,0,0,1,0,0,0,0,0
25,5,4.8263100964229119e-15,0,0,1,0,0,0,0,0
25,18,4.7949567460748111e-15,0,0,1,0,0,0,0,0
25,3,4.7781965992377971e-15,0,0,1,0,0,0,0,0
25,20,4.6706405427649531e-15,0,0,1,0,0,0,0,0
25,2,4.557303048247026e-15,0,0,1,0,0,0,0,0
25,10,4.3665157766384907e-15,0,0,1,0,0,0,0,0
25,8,4.2478780095009124e-15,0,0,1,0,0,0,0,0
25,19,4.2200135762123584e-15,0,0,1,0,0,0,0,0
25,0,1.1559121415476054e-15,0,0,1,0,0,0,0,0
26,29,1.07859559667684e-08,1,0,0,0,0,0,4.9739328586393347e-07,3.6531831544637405e-07
26,28,6.6959184061846816e-14,0,0,1,0,0,0,0,0
26,26,1.8413291112072498e-14,0,0,1,0,0,0,0,0
26,24,1.7526060312889449e-14,0,0,1,0,0,0,0,0
26,27,1.5383241897955774e-14,0,0,1,0,0,0,0,0
26,1,1.4319625476490655e-14,0,0,1,0,0,0,0,0
26,25,1.2788894058038823e-14,0,0,1,0,0,0,0,0
26,13,8.1513404449306129e-15,0,0,1,0,0,0,0,0
26,21,7.7677429846308191e-15,0,0,1,0,0,0,0,0
26,6,6.9907635117234467e-15,0,0,1,0,0,0,0,0
26,9,6.7273098764830712e-15,0,0,1,0,0,0,0,0
26,11,6.4814501617209723e-15,0,0,1,0,0,0,0,0
26,23,6.4101005350490495e-15,0,0,1,0,0,0,0,0
26,12,6.2037210764833981e-15,0,0,1,0,0,0,0,0
26,17,5.8460139048926082e-15,0,0,1,0,0,0,0,0
26,14,5.5853059553068006e-15,0,0,1,0,0,0,0,0
26,8,5.4729483670088605e-15,0,0,1,0,0,0,0,0
26,7,5.35996142823177e-15,0,0,1,0,0,0,0,0
26,4,5.3453062336397537e-15,0,0,1,0,0,0,0,0
26,15,5.2451867978722758e-15,0,0,1,0,0,0,0,0
26,22,5.2386821343818831e-15,0,0,1,0,0,0,0,0
26,20,5.2334682071665108e-15,0,0,1,0,0,0,0,0
26,3,5.007361091420105e-15,0,0,1,0,0,0,0,0
26,2,4.6959140037705117e-15,0,0,1,0,0,0,0,0
26,10,4.5285352670090679e-15,0,0,1,0,0,0,0,0
26,5,4.4861865172476015e-15,0,0,1,0,0,0,0,0
26,16,4.3311872798803106e-15,0,0,1,0,0,0,0,0
26,19,3.8317001993247188e-15,0,0,1,0,0,0,0,0
26,18,3.6413174544940106e-15,0,0,1,0,0,0,0,0
26,0,1.1559121415476054e-15,0,0,1,0,0,0,0,0
27,29,5.2393784181791721e-09,1,0,0,0,0,0,2.639977471852511e-07,1.7240305840978897e-07
27,28,6.5994191948504202e-14,0,0,1,0,0,0,0,0
27,26,1.8191385091839634e-14,0,0,1,0,0,0,0,0
27,24,1.7532526831170938e-14,0,0,1,0,0,0,0,0
27,27,1.5221981791186916e-14,0,0,1,0,0,0,0,0
27,1,1.4159984859022863e-14,0,0,1,0,0,0,0,0
27,25,1.3163040840117606e-14,0,0,1,0,0,0,0,0
27,13,8.0146978209155412e-15,0,0,1,0,0,0,0,0
27,21,7.2586234494978559e-15,0,0,1,0,0,0,0,0
27,23,6.8519504942867178e-15,0,0,1,0,0,0,0,0
27,5,6.7728692899868174e-15,0,0,1,0,0,0,0,0
27,9,6.6580351503300567e-15,0,0,1,0,0,0,0,0
27,11,6.3963540656268028e-15,0,0,1,0,0,0,0,0
27,12,6.2228580761310158e-15,0,0,1,0,0,0,0,0
27,16,5.7912415971639602e-15,0,0,1,0,0,0,0,0
27,22,5.6513364365753701e-15,0,0,1,0,0,0,0,0
27,14,5.5868793813385233e-15,0,0,1,0,0,0,0,0
27,8,5.4395759953025272e-15,0,0,1,0,0,0,0,0
27,4,5.4192786826984891e-15,0,0,1,0,0,0,0,0
27,20,5.2191324515905073e-15,0,0,1,0,0,0,0,0
27,7,5.1764101426705884e-15,0,0,1,0,0,0,0,0
27,3,5.0351988824604198e-15,0,0,1,0,0,0,0,0
27,15,4.9328591531813439e-15,0,0,1,0,0,0,0,0
27,10,4.5801708016180629e-15,0,0,1,0,0,0,0,0
27,2,4.4540668333352219e-15,0,0,1,0,0,0,0,0
27,6,4.3434483853349491e-15,0,0,1,0,0,0,0,0
27,19,4.3342143089166138e-15,0,0,1,0,0,0,0,0
27,17,4.3107973685327821e-15,0,0,1,0,0,0,0,0
27,18,4.3012197260767345e-15,0,0,1,0,0,0,0,0
27,0,1.1559121415476054e-15,0,0,1,0,0,0,0,0
28,29,2.4415942295982893e-09,1,0,0,0,0,0,1.2234151148187191e-07,8.0825602816681372e-08
28,28,6.5956039992710279e-14,0,0,1,0,0,0,0,0
28,26,1.76765797856135e-14,0,0,1,0,0,0,0,0
28,24,1.7563182278520764e-14,0,0,1,0,0,0,0,0
28,27,1.55776174263477e-14,0,0,1,0,0,0,0,0
28,1,1.406785274946361e-14,0,0,1,0,0,0,0,0
28,25,1.3951851608370618e-14,0,0,1,0,0,0,0,0
28,21,7.5977045497519904e-15,0,0,1,0,0,0,0,0
28,13,7.3938648681962811e-15,0,0,1,0,0,0,0,0
28,9,6.906414199576191e-15,0,0,1,0,0,0,0,0
28,6,6.7734881859882588e-15,0,0,1,0,0,0,0,0
28,12,6.5681572921106442e-15,0,0,1,0,0,0,0,0
28,10,6.5086392866914347e-15,0,0,1,0,0,0,0,0
28,23,6.4619821200016721e-15,0,0,1,0,0,0,0,0
28,14,6.0035623593175158e-15,0,0,1,0,0,0,0,0
28,3,5.6177568314945133e-15,0,0,1,0,0,0,0,0
28,16,5.593316366324076e-15,0,0,1,0,0,0,0,0
28,22,5.3980092976173486e-15,0,0,1,0,0,0,0,0
28,20,5.3894525755168605e-15,0,0,1,0,0,0,0,0
28,8,5.1639713879465697e-15,0,0,1,0,0,0,0,0
28,7,5.015438531781563e-15,0,0,1,0,0,0,0,0
28,15,4.9092816858582212e-15,0,0,1,0,0,0,0,0
28,17,4.6879432107963445e-15,0,0,1,0,0,0,0,0
28,5,4.6100998577370694e-15,0,0,1,0,0,0,0,0
28,4,4.5032791328051068e-15,0,0,1,0,0,0,0,0
28,2,4.4270184469175333e-15,0,0,1,0,0,0,0,0
28,18,4.354214075195521e-15,0,0,1,0,0,0,0,0
28,11,4.0530670684551089e-15,0,0,1,0,0,0,0,0
28,19,3.7370059051644305e-15,0,0,1,0,0,0,0,0
28,0,1.1559121415476054e-15,0,0,1,0,0,0,0,0
29,29,1.1228977962013956e-09,1,0,0,0,0,0,5.8673796668931724e-08,3.9212899580440391e-08
29,28,6.6073006591657194e-14,0,0,1,0,0,0,0,0
29,26,1.773576322696274e-14,0,0,1,0,0,0,0,0
29,24,1.7527362210143597e-14,0,0,1,0,0,0,0,0
29,27,1.5852649827031675e-14,0,0,1,0,0,0,0,0
29,1,1.4028245582372581e-14,0,0,1,0,0,0,0,0
29,25,1.3493468433237804e-14,0,0,1,0,0,0,0,0
29,13,7.6426876652023199e-15,0,0,1,0,0,0,0,0
29,21,7.1284840405298923e-15,0,0,1,0,0,0,0,0
29,6,6.9685546431244129e-15,0,0,1,0,0,0,0,0
29,9,6.84001972824694e-15,0,0,1,0,0,0,0,0
29,12,6.5685941266487893e-15,0,0,1,0,0,0,0,0
29,11,6.4377490059845532e-15,0,0,1,0,0,0,0,0
29,22,6.3031782063673929e-15,0,0,1,0,0,0,0,0
29,14,5.6379064931131741e-15,0,0,1,0,0,0,0,0
29,23,5.527336565776577e-15,0,0,1,0,0,0,0,0
29,8,5.4677342152771271e-15,0,0,1,0,0,0,0,0
29,3,5.3339316152073655e-15,0,0,1,0,0,0,0,0
29,16,5.2852897411767939e-15,0,0,1,0,0,0,0,0
29,20,5.2661053506651824e-15,0,0,1,0,0,0,0,0
29,17,5.1531344495204524e-15,0,0,1,0,0,0,0,0
29,7,5.0887958277354156e-15,0,0,1,0,0,0,0,0
29,4,4.821569306508157e-15,0,0,1,0,0,0,0,0
29,2,4.7841162301376207e-15,0,0,1,0,0,0,0,0
29,15,4.7322836362509691e-15,0,0,1,0,0,0,0,0
29,19,4.5658573745793234e-15,0,0,1,0,0,0,0,0
29,5,4.46324065860445e-15,0,0,1,0,0,0,0,0
29,10,4.1224078998813177e-15,0,0,1,0,0,0,0,0
29,18,4.0438818398633032e-15,0,0,1,0,0,0,0,0
29,0,1.1559121415476054e-15,0,0,1,0,0,0,0,0
30,29,5.5865559350140292e-10,1,0,0,0,0,0,3.2652822331619332e-08,2.315029585621894e-08
30,28,6.6174973245605688e-14,0,0,1,0,0,0,0,0
30,24,1.767245175841809e-14,0,0,1,0,0,0,0,0
30,26,1.7403563487340808e-14,0,0,1,0,0,0,0,0
30,27,1.5259352396495441e-14,0,0,1,0,0,0,0,0
30,1,1.3991430098210086e-14,0,0,1,0,0,0,0,0
30,25,1.3847829552976623e-14,0,0,1,0,0,0,0,0
30,21,8.7155257609441409e-15,0,0,1,0,0,0,0,0
30,13,8.0753122452790527e-15,0,0,1,0,0,0,0,0
30,16,7.1915917594085478e-15,0,0,1,0,0,0,0,0
30,11,7.0934813961617018e-15,0,0,1,0,0,0,0,0
30,7,6.7451401132336416e-15,0,0,1,0,0,0,0,0
30,23,6.5673304395511406e-15,0,0,1,0,0,0,0,0
30,10,6.2825669377818308e-15,0,0,1,0,0,0,0,0
30,22,6.1341565339969658e-15,0,0,1,0,0,0,0,0
30,12,5.9314191128950838e-15,0,0,1,0,0,0,0,0
30,15,5.8921860791293089e-15,0,0,1,0,0,0,0,0
30,6,5.6942865430422739e-15,0,0,1,0,0,0,0,0
30,9,5.6680783899953219e-15,0,0,1,0,0,0,0,0
30,14,5.6153235727358998e-15,0,0,1,0,0,0,0,0
30,18,5.5778698287637825e-15,0,0,1,0,0,0,0,0
30,5,5.4464580072440798e-15,0,0,1,0,0,0,0,0
30,17,5.3635079351541859e-15,0,0,1,0,0,0,0,0
30,2,4.9613035585220286e-15,0,0,1,0,0,0,0,0
30,8,4.8071830156738501e-15,0,0,1,0,0,0,0,0
30,3,4.758381723992337e-15,0,0,1,0,0,0,0,0
30,20,4.5981826269618273e-15,0,0,1,0,0,0,0,0
30,4,4.4845903318127129e-15,0,0,1,0,0,0,0,0
30,19,3.7932387616622541e-15,0,0,1,0,0,0,0,0
30,0,1.3070927348389815e-15,0,0,1,0,0,0,0,0
31,28,6.6327111914058624e-14,0,0,1,0,0,0,0,0
31,29,2.9753910168811181e-10,0,1,0,0,0,0,1.7253033229000853e-08,1.2444467316356394e-08
32,28,6.6264335228823313e-14,0,0,1,0,0,0,0,0
32,29,1.7547653594537831e-10,0,1,0,0,0,0,1.211233753393095e-08,8.0133841132823472e-09
33,28,6.6798140831605211e-14,0,0,1,0,0,0,0,0
33,29,1.274597618841875e-10,0,1,0,0,0,0,1.0040586105781495e-08,5.8898239936037435e-09
34,28,6.7615535506838937e-14,0,0,1,0,0,0,0,0
34,29,1.0125738597991968e-10,0,1,0,0,0,0,6.5904201338683226e-09,4.510730828611093e-09
35,28,6.5949179207239618e-14,0,0,1,0,0,0,0,0
35,29,6.8143021953733678e-11,0,1,0,0,0,0,2.8570035107688682e-09,2.2697664053597914e-09
36,28,6.5057881169409797e-14,0,0,1,0,0,0,0,0
36,29,3.639186792208881e-11,0,1,0,0,0,0,1.5372120085897608e-09,1.2832047997156262e-09
37,28,6.5135237679588088e-14,0,0,1,0,0,0,0,0
37,29,1.9261739695172932e-11,0,1,0,0,0,0,9.7629182541572971e-10,8.4256137514825781e-10
38,28,6.441550497419843e-14,0,0,1,0,0,0,0,0
38,29,1.130286590685198e-11,0,1,0,0,0,0,9.2336267609449347e-10,7.0617473218680625e-10
39,28,6.4600738512915483e-14,0,0,1,0,0,0,0,0
39,29,7.4656090538120808e-12,0,1,0,0,0,0,5.0589546591323732e-10,3.1691709980176475e-10
40,28,6.4018307717644054e-14,0,0,1,0,0,0,0,0
40,29,4.533625012595971e-12,0,1,0,0,0,0,2.715313439481991e-10,1.9885193625588338e-10
41,28,6.3841692227025126e-14,0,0,1,0,0,0,0,0
41,29,3.5213372307511602e-12,0,1,0,0,0,0,1.6686159804104644e-10,1.3218656191833711e-10
42,28,6.3630616967233822e-14,0,0,1,0,0,0,0,0
42,29,2.5028419804357106e-12,0,1,0,0,0,0,1.2479858190847321e-10,1.0105454886326839e-10
43,28,6.3628659924683995e-14,0,0,1,0,0,0,0,0
43,29,1.7240148603401898e-12,0,1,0,0,0,0,1.0795340958245324e-10,8.9807615676518748e-11
44,28,6.3525025672061643e-14,0,0,1,0,0,0,0,0
44,29,1.4680123138367821e-12,0,1,0,0,0,0,1.0686155659589333e-10,8.0758578793282267e-11
45,28,6.353331532178059e-14,0,0,1,0,0,0,0,0
45,29,1.3568699555893251e-12,0,1,0,0,0,0,1.1286036004161522e-10,7.4300759291726643e-11
46,28,6.3468354785971074e-14,0,0,1,0,0,0,0,0
46,29,1.2435424107840443e-12,0,1,0,0,0,0,5.8308196496616307e-11,4.2748767721051763e-11
47,28,6.3427183549709111e-14,0,0,1,0,0,0,0,0
47,29,9.4886016178772474e-13,0,1,0,0,0,0,3.5803470677040315e-11,2.9396151313497172e-11
48,28,6.3297167341578505e-14,0,0,1,0,0,0,0,0
48,29,5.2924341027775053e-13,0,1,0,0,0,0,2.1447960916787149e-11,1.7143203637651077e-11
49,28,6.321698764860015e-14,0,0,1,0,0,0,0,0
49,29,2.6359166180924753e-13,0,1,0,0,0,0,1.0737903834447494e-11,8.0532440329202915e-12
50,28,6.3153756442886133e-14,0,0,1,0,0,0,0,0
50,29,1.2864121599837412e-13,0,1,0,0,0,0,8.8808616639759216e-12,5.5030282693804278e-12
51,28,6.261989101519672e-14,0,0,1,0,0,0,0,0
51,29,7.5612910393827194e-14,0,0,1,0,0,0,0,0
